{"id":"be33ab4a-776b-44b7-9b89-628e9ec37b77","alias":"RippleApiWebPart","componentType":"WebPart","version":"0.0.1","manifestVersion":2,"requiresCustomScript":false,"supportedHosts":["SharePointWebPart"],"preconfiguredEntries":[{"groupId":"5c03119e-3074-46fd-976b-c60198311f70","group":{"default":"Other"},"title":{"default":"RippleAPI"},"description":{"default":"RippleAPI description"},"officeFabricIconFontName":"Page","properties":{"description":"RippleAPI"}}],"loaderConfig":{"entryModuleId":"ripple-api-web-part","internalModuleBaseUrls":["<!-- PATH TO CDN -->/"],"scriptResources":{"ripple-api-web-part":{"type":"path","path":"ripple-api-web-part_6a787875f3a9eb5575a4afb682054b69.js"},"RippleApiWebPartStrings":{"defaultPath":"rippleapi-rippleapiwebpartstrings_en-us_c612594c7d57159e69355705fe96da4c.js","type":"localizedPath","paths":{}},"@microsoft/sp-property-pane":{"type":"component","version":"1.11.0","id":"f9e737b7-f0df-4597-ba8c-3060f82380db"},"@microsoft/sp-core-library":{"type":"component","version":"1.11.0","id":"7263c7d0-1d6a-45ec-8d85-d4d1d234171b"},"@microsoft/sp-webpart-base":{"type":"component","version":"1.11.0","id":"974a7777-0990-4136-8fa6-95d80114c2e0"},"react":{"type":"component","version":"16.8.5","id":"0d910c1c-13b9-4e1c-9aa4-b008c5e42d7d"},"react-dom":{"type":"component","version":"16.8.5","id":"aa0a46ec-1505-43cd-a44a-93f3a5aa460a"}}}}